{
    "accuracy": 0.7407675597393193,
    "precision": 0.7436911995740796,
    "recall": 0.7407675597393193
}