{
    "accuracy": 0.7393193338160753,
    "precision": 0.7467245663111922,
    "recall": 0.7393193338160753
}